{
  "date_analysis": "2025-10-23 08:07:50",
  "dataset": "MovieLens 100K",
  "statistics": {
    "n_ratings": 100000,
    "n_users": 943,
    "n_items": 1682,
    "avg_rating": 3.52986,
    "sparsity": 93.69533063577546,
    "min_ratings_per_user": 20,
    "max_ratings_per_user": 737,
    "avg_ratings_per_user": 106.04453870625663
  }
}